-- profile --
INSERT INTO profile (name, lastName, phone, address, city, idCard) VALUES ("pepe","gonzalez","12313123","cll 20","bogota","1203920392");
INSERT INTO profile (name, lastName, phone, address, city, idCard) VALUES ("andres","perez","12123123","cll 34","bogota","10293029308");

-- authentication
INSERT INTO authentication (idUser, password, email, username) VALUES (1,"1234","prueba@prueba.com","pepepapas");
INSERT INTO authentication (idUser, password, email, username) VALUES (2,"1234","prueba2@prueba2.com","elperez");

--- roles -----
INSERT INTO roles VALUES("Administrador",1);
INSERT INTO roles VALUES("Vendedor",2);

-- proveedores --
INSERT INTO provider (companyName, phone, address, email) VALUES ("los coches","1234567", "cll 34", "admin@loscoches.com");
INSERT INTO provider (companyName, phone, address, email) VALUES ("chevychevere","7654321","cra 50","admin@chevychevere.com");
INSERT INTO provider (companyName, phone, address, email) VALUES ("los usados","4321567","cll 80","admin@losusados.com");
INSERT INTO provider (companyName, phone, address, email) VALUES ("Distoyota","6430505","Av Cr70 102 2 ","distoyota@correo.com");
INSERT INTO provider (companyName, phone, address, email) VALUES ("Distribuidora Autos Japon","4866633","Cr 7 B bis 126-36 ","info@distribuidoraautosjapon.com");
INSERT INTO provider (companyName, phone, address, email) VALUES ("Audi Center","6439333","Avenida Calle 127 # 54A-50","diegopelaez@colwagen.com.co");
INSERT INTO provider (companyName, phone, address, email) VALUES ("Ducati","2187777","Carrera 15 # 100-58","");
INSERT INTO provider (companyName, phone, address, email) VALUES ("HONDA","2573505","Autocedro Autopista Norte # 103 - 94","");
INSERT INTO provider (companyName, phone, address, email) VALUES ("Dodge","6266365","Calle 140 18-47","info@dodgecolombia.com");
INSERT INTO provider (companyName, phone, address, email) VALUES ("Automotores Europa","6139608","Calle 126 No 60-05","ventas@automotoreseuropa.com.co");
INSERT INTO provider (companyName, phone, address, email) VALUES ("Daihatsu","4238300","Av El Dorado 78-20 ","info@daihatsucolombia.com");
INSERT INTO provider (companyName, phone, address, email) VALUES ("Toyota","6499090","Cr7 134-36","ventas@toyota.com");
INSERT INTO provider (companyName, phone, address, email) VALUES ("Hyundai","6685173","Autop Norte Cll 244","info@hyundaicol.com");
INSERT INTO provider (companyName, phone, address, email) VALUES ("Peugeot","4238300","Av El Dorado 78-20 ","ventas@peugeot.com");
INSERT INTO provider (companyName, phone, address, email) VALUES ("Subaru","6374354","Autop Norte 125-31","subaruventas@subaruco.com");
INSERT INTO provider (companyName, phone, address, email) VALUES ("Ford","2591111","Cll 128B No 32-51","jorgecortes@ford.com");
INSERT INTO provider (companyName, phone, address, email) VALUES ("Chevrolet","5700612","Av. Caracas calle 31","concesionariocaracas@chevrolet.com");
INSERT INTO provider (companyName, phone, address, email) VALUES ("Mazda","5341555","Av. Carrera 70 No. 96-05","info@mazda.com");
INSERT INTO provider (companyName, phone, address, email) VALUES ("Fiat","7561366","Autopista Norte N 183-58","fiatcolombia@fiat.com");
INSERT INTO provider (companyName, phone, address, email) VALUES ("Jeep","6253211"," Av. Carrera 7 N 146-45","info@carcaide.com");
INSERT INTO provider (companyName, phone, address, email) VALUES ("Seat","613 9608","Calle 126 # 60 - 05","ventas@automotoreseuropa.com.co");
INSERT INTO provider (companyName, phone, address, email) VALUES ("Peugeot","4806091","Av. Boyaca No 99-96","ventas@peugeotcolombia.com");
INSERT INTO provider (companyName, phone, address, email) VALUES ("Kia","3649700","Av. 68 No 68B-91","ventas@metrokia.com");
 
-- clientes --
INSERT INTO client (name, lastName, email, phone, address) VALUES ("Alirio","Suarez","iabarcae@yahoo.es","7655456","Calle 16 #4-62");
INSERT INTO client (name, lastName, email, phone, address) VALUES ("Marianela"," Cordero","maeillanes@hotmail.com","3467534","Carrera 13 #64-29");
INSERT INTO client (name, lastName, email, phone, address) VALUES ("Marcelo","Camero ","osabarca@hotmail.com","3554343","Carrera 15A #120-63");
INSERT INTO client (name, lastName, email, phone, address) VALUES ("Maria Aurora","Zambrano","cabrigo@garmendia.cl","5568645","Carrera 9 #69-31");
INSERT INTO client (name, lastName, email, phone, address) VALUES ("Luis","Sosa","capitanaguilera@hotmail.com","5664345","Carrera 16 #80-90");
INSERT INTO client (name, lastName, email, phone, address) VALUES ("Jose Manuel ","Herrera","dddura69@gmail.com","8654435","Carrera 14 #98-60");
INSERT INTO client (name, lastName, email, phone, address) VALUES ("Luis Manuel ","Villegas","mapuchin@hotmail.com","4567654","Calle 85 #10-74");
INSERT INTO client (name, lastName, email, phone, address) VALUES ("Javier Ignacio ","Molina Cano","arahuetes@manquehue.net","4664345","Calle 40A #13-65");
INSERT INTO client (name, lastName, email, phone, address) VALUES ("Lillian Eugenia ","Gomez Alvarez","faraya1910@hotmail.com","3356433","Calle 53 #21-20");
INSERT INTO client (name, lastName, email, phone, address) VALUES ("Gerardo Emilio ","Duque Gutierrez","aargomedo@hecsa.cl","5564456","Carrera 11B #98-48");
INSERT INTO client (name, lastName, email, phone, address) VALUES ("Jhony Alberto ","Saenz Hurtado","bantomaui@gmail.com","9998564","Carrera 9 #69A-81");
INSERT INTO client (name, lastName, email, phone, address) VALUES ("Augusto ","Osorno Gil","mfbanto@gmail.com","4456734","Carrera 13 #27-20");
INSERT INTO client (name, lastName, email, phone, address) VALUES ("Gloria Amparo ","Alzate Agudelo","jbarrera05@hotmail.com","4467566","Calle 76 #14-23");
INSERT INTO client (name, lastName, email, phone, address) VALUES ("Beatriz Elena"," Osorio Laverde","claudiabergez@gmail.com","6783453","Calle 70A #8-27");
INSERT INTO client (name, lastName, email, phone, address) VALUES ("Carlos Mario"," Montoya Serna ","solbk26@hotmail.com","3234568","Calle 104 #14A-66");
INSERT INTO client (name, lastName, email, phone, address) VALUES ("Carlos","Augusto Giraldo","pbg@endesa.cl","4567543","Carrera 14 #79-25");
INSERT INTO client (name, lastName, email, phone, address) VALUES ("Arturo ","Tabares Mora","jabravot@yahoo.es","3456865","Carrera 12 #93-26");
INSERT INTO client (name, lastName, email, phone, address) VALUES ("Gloria Elena ","Sanclemente Zea","rcabbada@vtr.net","5666443","Carrera 15 #75-24");
INSERT INTO client (name, lastName, email, phone, address) VALUES ("Carlos Alberto ","Villegas Lopera","dantekol@hotmail.com","3457865","Carrera 12 #70-44");
INSERT INTO client (name, lastName, email, phone, address) VALUES ("Jorge ","Uribe Botero","lukalcagno@gmail.com","2346435","Carrera 13 #33-42");
INSERT INTO client (name, lastName, email, phone, address) VALUES ("Julio Cesar ","Rodas Monsalve","ruliandro@hotmail.com","98384756","Carrera 15 #92-73");
INSERT INTO client (name, lastName, email, phone, address) VALUES ("Bernardo ","Posada Vera","icalderon@tecval.cl","4543568","Calle 117 #6A-19");
INSERT INTO client (name, lastName, email, phone, address) VALUES ("Horacio Augusto"," Moreno Correa","pecmor63@gmail.com","4674344","Carrera 13 #76-34");
INSERT INTO client (name, lastName, email, phone, address) VALUES ("Luis Alfonso ","Escobar Trujillo","aespinz@hotmail.com","7547547","Carrera 7 #56-99");
INSERT INTO client (name, lastName, email, phone, address) VALUES ("Lida Patricia ","Giraldo Morales","lidapatricia@hotmail.com","8658546","Calle 118 #15-15");
INSERT INTO client (name, lastName, email, phone, address) VALUES ("Karen ","Contreras Fernandez","karencontreras@hotmail.com","6654356","Calle 71A #14A-22");
INSERT INTO client (name, lastName, email, phone, address) VALUES ("Rodrigo ","Vasquez Gutierrez","rodrigovasques@hotmail.com","6643643","Calle 67 #7-90");
INSERT INTO client (name, lastName, email, phone, address) VALUES ("Liliana ","Cruz Estrada","lilianacruz@hotmail.com","4463463","Carrera 13 #35-69");
INSERT INTO client (name, lastName, email, phone, address) VALUES ("Omar Daniel"," Ponce Sandoval","omardaniel@hotmail.com","4678855","Calle 119 #14-26");
INSERT INTO client (name, lastName, email, phone, address) VALUES ("Oscar"," Vidal Reyes","oscarvidal@hotmail.com","7753453","Calle 101 #45A-32");

-- ventas --

INSERT INTO sales (idClient, idUser, totalValue, saleType, saleDate) VALUES (1,1,132686000,"Efectivo","2016-01-01 11:35:18");
INSERT INTO sales (idClient, idUser, totalValue, saleType, saleDate) VALUES (4,1,132686000,"Financiado","2016-02-02 12:00:14");
INSERT INTO sales (idClient, idUser, totalValue, saleType, saleDate) VALUES (5,2,132686000,"Efectivo","2016-03-02 12:04:48");
INSERT INTO sales (idClient, idUser, totalValue, saleType, saleDate) VALUES (4,1,132686000,"Efectivo","2016-04-02 12:20:19");
INSERT INTO sales (idClient, idUser, totalValue, saleType, saleDate) VALUES (3,1,227494000,"Financiado","2016-05-02 12:29:34");
INSERT INTO sales (idClient, idUser, totalValue, saleType, saleDate) VALUES (3,2,221212000,"Efectivo","2016-06-06 13:03:40");
INSERT INTO sales (idClient, idUser, totalValue, saleType, saleDate) VALUES (2,1,123967000,"Efectivo","2016-07-07 15:12:05");
INSERT INTO sales (idClient, idUser, totalValue, saleType, saleDate) VALUES (5,1,141187000,"Efectivo","2016-08-08 15:12:17");
INSERT INTO sales (idClient, idUser, totalValue, saleType, saleDate) VALUES (4,2,198631000,"Financiado","2016-09-09 15:12:29");
INSERT INTO sales (idClient, idUser, totalValue, saleType, saleDate) VALUES (6,1,110833000,"Efectivo","2016-10-10 15:13:38");
INSERT INTO sales (idClient, idUser, totalValue, saleType, saleDate) VALUES (4,1,105975000,"Efectivo","2016-11-11 15:13:49");
INSERT INTO sales (idClient, idUser, totalValue, saleType, saleDate) VALUES (3,1,126677000,"Financiado","2016-12-02 15:13:58");
INSERT INTO sales (idClient, idUser, totalValue, saleType, saleDate) VALUES (4,1,162831000,"Efectivo","2016-12-12 15:14:42");

-- carros --
INSERT INTO cars (brand, salesPrice, purchasePrice, model, color, carriagePlate, transmissionType, chasisNumber, engineNumber, idProvider, sold, idVenta) VALUES ('Alfa Romeo', 50267000, 45240300,'155', 'Rojo', 'OZM000', 'Automatica','612043','552393',14, 1, 4);
INSERT INTO cars (brand, salesPrice, purchasePrice, model, color, carriagePlate, transmissionType, chasisNumber, engineNumber, idProvider, sold, idVenta) VALUES ('Alfa Romeo', 35613000, 32051700,'156', 'Azul', 'ADK000', 'Manual','326218','492699',1, 1, 4);
INSERT INTO cars (brand, salesPrice, purchasePrice, model, color, carriagePlate, transmissionType, chasisNumber, engineNumber, idProvider, sold, idVenta) VALUES ('Alfa Romeo', 46806000, 42125400,'159', 'Naranja', 'APK000', 'Manual','436860','545146',6, 1, 4);
INSERT INTO cars (brand, salesPrice, purchasePrice, model, color, carriagePlate, transmissionType, chasisNumber, engineNumber, idProvider, sold, idVenta) VALUES ('Audi', 75364000, 67827600,'80', 'Verde', 'BWT000', 'Automatica','345981','587992',11, 1, 4);
INSERT INTO cars (brand, salesPrice, purchasePrice, model, color, carriagePlate, transmissionType, chasisNumber, engineNumber, idProvider, sold, idVenta) VALUES ('Audi', 71811000, 64629900,'A4', 'Blanco', 'BXA000', 'Manual','369442','425815',17, 1, 7);
INSERT INTO cars (brand, salesPrice, purchasePrice, model, color, carriagePlate, transmissionType, chasisNumber, engineNumber, idProvider, sold, idVenta) VALUES ('Audi', 81719000, 73547100,'Q3', 'Negro', 'CIA000', 'Automatica','482562','628315',12, 1, 6);
INSERT INTO cars (brand, salesPrice, purchasePrice, model, color, carriagePlate, transmissionType, chasisNumber, engineNumber, idProvider, sold, idVenta) VALUES ('Audi', 48603000, 43742700,'A6 Allroad Quattro', 'Gris', 'CMS000', 'Automatica','605703','331990',10, 1, 6);
INSERT INTO cars (brand, salesPrice, purchasePrice, model, color, carriagePlate, transmissionType, chasisNumber, engineNumber, idProvider, sold, idVenta) VALUES ('Audi', 48820000, 43938000,'S7', 'Beige', 'COO000', 'Manual','399096','466134',2, 1, 7);
INSERT INTO cars (brand, salesPrice, purchasePrice, model, color, carriagePlate, transmissionType, chasisNumber, engineNumber, idProvider, sold, idVenta) VALUES ('Audi', 93898000, 84508200,'Sq5', 'Rojo', 'DXU000', 'Manual','609047','603831',18, 1, 5);
INSERT INTO cars (brand, salesPrice, purchasePrice, model, color, carriagePlate, transmissionType, chasisNumber, engineNumber, idProvider, sold, idVenta) VALUES ('Cadillac', 57237000, 51513300,'Seville', 'Azul', 'DYS000', 'Automatica','525952','342617',13, 1, 5);
INSERT INTO cars (brand, salesPrice, purchasePrice, model, color, carriagePlate, transmissionType, chasisNumber, engineNumber, idProvider, sold, idVenta) VALUES ('Cadillac', 83950000, 75555000,'Sts', 'Naranja', 'EKK000', 'Manual','529706','351697',4, 1,8);
INSERT INTO cars (brand, salesPrice, purchasePrice, model, color, carriagePlate, transmissionType, chasisNumber, engineNumber, idProvider, sold, idVenta) VALUES ('Cadillac', 84776000, 76298400,'El Dorado', 'Verde', 'EVK000', 'Automatica','586428','380159',9, 1, 5);
INSERT INTO cars (brand, salesPrice, purchasePrice, model, color, carriagePlate, transmissionType, chasisNumber, engineNumber, idProvider, sold, idVenta) VALUES ('Cadillac', 67682000, 60913800,'Cts', 'Blanco', 'EWK000', 'Automatica','386655','563463',16, 1, 6);
INSERT INTO cars (brand, salesPrice, purchasePrice, model, color, carriagePlate, transmissionType, chasisNumber, engineNumber, idProvider, sold, idVenta) VALUES ('Cadillac', 99629000, 89666100,'Xlr', 'Negro', 'EYK000', 'Manual','628821','326251',10, 1, 9);
INSERT INTO cars (brand, salesPrice, purchasePrice, model, color, carriagePlate, transmissionType, chasisNumber, engineNumber, idProvider, sold, idVenta) VALUES ('Cadillac', 99002000, 89101800,'Srx', 'Gris', 'FAK000', 'Manual','509233','541706',5, 1,9);
INSERT INTO cars (brand, salesPrice, purchasePrice, model, color, carriagePlate, transmissionType, chasisNumber, engineNumber, idProvider, sold, idVenta) VALUES ('Cadillac', 59508000, 53557200,'Escalade', 'Beige', 'HZE000', 'Automatica','536187','615886',16, 1, 10);
INSERT INTO cars (brand, salesPrice, purchasePrice, model, color, carriagePlate, transmissionType, chasisNumber, engineNumber, idProvider, sold, idVenta) VALUES ('Cadillac', 51325000, 46192500,'Bls', 'Rojo', 'IAK000', 'Manual','446104','491790',19, 1,10);
INSERT INTO cars (brand, salesPrice, purchasePrice, model, color, carriagePlate, transmissionType, chasisNumber, engineNumber, idProvider, sold, idVenta) VALUES ('Chevrolet', 54507000, 49056300,'Corvette', 'Azul', 'IGG000', 'Automatica','410166','522506',2, 1, 11);
INSERT INTO cars (brand, salesPrice, purchasePrice, model, color, carriagePlate, transmissionType, chasisNumber, engineNumber, idProvider, sold, idVenta) VALUES ('Chevrolet', 51468000, 46321200,'Blazer', 'Naranja', 'ITK000', 'Automatica','624182','492376',19, 1, 11);
INSERT INTO cars (brand, salesPrice, purchasePrice, model, color, carriagePlate, transmissionType, chasisNumber, engineNumber, idProvider, sold, idVenta) VALUES ('Chevrolet', 90304000, 81273600,'Astro', 'Verde', 'KAA000', 'Manual','445480','513620',14, 1, 12);
INSERT INTO cars (brand, salesPrice, purchasePrice, model, color, carriagePlate, transmissionType, chasisNumber, engineNumber, idProvider, sold, idVenta) VALUES ('Chevrolet', 36373000, 32735700,'Nubira', 'Blanco', 'KBA000', 'Manual','415855','500804',7, 1, 12);
INSERT INTO cars (brand, salesPrice, purchasePrice, model, color, carriagePlate, transmissionType, chasisNumber, engineNumber, idProvider, sold, idVenta) VALUES ('Chevrolet', 81604000, 73443600,'Evanda', 'Negro', 'KCA000', 'Automatica','468848','485468',16, 1, 13);
INSERT INTO cars (brand, salesPrice, purchasePrice, model, color, carriagePlate, transmissionType, chasisNumber, engineNumber, idProvider, sold, idVenta) VALUES ('Chevrolet', 81227000, 73104300,'Kalos', 'Gris', 'KDA000', 'Manual','397784','541398',8, 1, 13);
INSERT INTO cars (brand, salesPrice, purchasePrice, model, color, carriagePlate, transmissionType, chasisNumber, engineNumber, idProvider, sold) VALUES ('Chevrolet', 62677000, 56409300,'Hhr', 'Beige', 'KEA000', 'Automatica','544668','589217',7, 0);
INSERT INTO cars (brand, salesPrice, purchasePrice, model, color, carriagePlate, transmissionType, chasisNumber, engineNumber, idProvider, sold) VALUES ('Chevrolet', 57031000, 51327900,'Cruze', 'Rojo', 'KFA000', 'Automatica','619820','442366',20, 0);
INSERT INTO cars (brand, salesPrice, purchasePrice, model, color, carriagePlate, transmissionType, chasisNumber, engineNumber, idProvider, sold) VALUES ('Chevrolet', 40076000, 36068400,'Spark', 'Azul', 'KGJ000', 'Manual','358632','338849',13, 0);
INSERT INTO cars (brand, salesPrice, purchasePrice, model, color, carriagePlate, transmissionType, chasisNumber, engineNumber, idProvider, sold) VALUES ('Chevrolet', 67309000, 60578100,'Orlando', 'Naranja', 'LAA000', 'Manual','624337','494808',17, 0);
INSERT INTO cars (brand, salesPrice, purchasePrice, model, color, carriagePlate, transmissionType, chasisNumber, engineNumber, idProvider, sold) VALUES ('Chevrolet', 59579000, 53621100,'Volt', 'Verde', 'LDA000', 'Automatica','341517','614177',11, 0);
INSERT INTO cars (brand, salesPrice, purchasePrice, model, color, carriagePlate, transmissionType, chasisNumber, engineNumber, idProvider, sold) VALUES ('Chevrolet', 79907000, 71916300,'Malibu', 'Blanco', 'LDV000', 'Manual','335024','501769',20, 0);
INSERT INTO cars (brand, salesPrice, purchasePrice, model, color, carriagePlate, transmissionType, chasisNumber, engineNumber, idProvider, sold) VALUES ('Chrysler', 73752000, 66376800,'Vision', 'Negro', 'LEA000', 'Automatica','503935','582568',11, 0);
INSERT INTO cars (brand, salesPrice, purchasePrice, model, color, carriagePlate, transmissionType, chasisNumber, engineNumber, idProvider, sold) VALUES ('Chrysler', 42947000, 38652300,'300m', 'Gris', 'LFA000', 'Automatica','329386','501901',15, 0);
INSERT INTO cars (brand, salesPrice, purchasePrice, model, color, carriagePlate, transmissionType, chasisNumber, engineNumber, idProvider, sold) VALUES ('Citroen', 94924000, 85431600,'Zx', 'Beige', 'LFE000', 'Manual','513682','420972',11, 0);
INSERT INTO cars (brand, salesPrice, purchasePrice, model, color, carriagePlate, transmissionType, chasisNumber, engineNumber, idProvider, sold) VALUES ('Citroen', 48052000, 43246800,'Evasion', 'Rojo', 'LFJ001', 'Manual','614562','392058',15, 0);
INSERT INTO cars (brand, salesPrice, purchasePrice, model, color, carriagePlate, transmissionType, chasisNumber, engineNumber, idProvider, sold) VALUES ('Citroen', 43482000, 39133800,'C8', 'Azul', 'LGC000', 'Automatica','479492','517810',2, 0);
INSERT INTO cars (brand, salesPrice, purchasePrice, model, color, carriagePlate, transmissionType, chasisNumber, engineNumber, idProvider, sold) VALUES ('Citroen', 96499000, 86849100,'Saxo', 'Naranja', 'LGG000', 'Manual','559549','476752',6, 0);
INSERT INTO cars (brand, salesPrice, purchasePrice, model, color, carriagePlate, transmissionType, chasisNumber, engineNumber, idProvider, sold) VALUES ('Citroen', 41949000, 37754100,'Ds5', 'Verde', 'LGG201', 'Automatica','601392','609170',10, 0);
INSERT INTO cars (brand, salesPrice, purchasePrice, model, color, carriagePlate, transmissionType, chasisNumber, engineNumber, idProvider, sold) VALUES ('Citroen', 26396000, 23756400,'C4 Aircross', 'Blanco', 'LGG901', 'Automatica','474010','329485',9, 0);
INSERT INTO cars (brand, salesPrice, purchasePrice, model, color, carriagePlate, transmissionType, chasisNumber, engineNumber, idProvider, sold) VALUES ('Citroen', 77219000, 69497100,'Celysee', 'Negro', 'LGH101', 'Manual','509290','338402',19, 0);
INSERT INTO cars (brand, salesPrice, purchasePrice, model, color, carriagePlate, transmissionType, chasisNumber, engineNumber, idProvider, sold) VALUES ('Ferrari', 35930000, 32337000,'360', 'Gris', 'LGJ001', 'Manual','469750','565621',3, 0);
INSERT INTO cars (brand, salesPrice, purchasePrice, model, color, carriagePlate, transmissionType, chasisNumber, engineNumber, idProvider, sold) VALUES ('Ferrari', 50154000, 45138600,'F430', 'Rojo', 'LGJ201', 'Automatica','416688','541483',4, 0);
INSERT INTO cars (brand, salesPrice, purchasePrice, model, color, carriagePlate, transmissionType, chasisNumber, engineNumber, idProvider, sold) VALUES ('Ferrari', 97787000, 88008300,'F512 M', 'Azul', 'LHA000', 'Manual','614416','452109',17, 0);
INSERT INTO cars (brand, salesPrice, purchasePrice, model, color, carriagePlate, transmissionType, chasisNumber, engineNumber, idProvider, sold) VALUES ('Ferrari', 75217000, 67695300,'Ff', 'Naranja', 'LHG000', 'Automatica','402445','617806',6, 0);
INSERT INTO cars (brand, salesPrice, purchasePrice, model, color, carriagePlate, transmissionType, chasisNumber, engineNumber, idProvider, sold) VALUES ('Fiat', 59287000, 53358300,'Croma', 'Verde', 'LHJ001', 'Automatica','427859','553333',6, 0);
INSERT INTO cars (brand, salesPrice, purchasePrice, model, color, carriagePlate, transmissionType, chasisNumber, engineNumber, idProvider, sold) VALUES ('Fiat', 27016000, 24314400,'Cinquecento', 'Blanco', 'LIA000', 'Manual','339714','374437',20, 0);
INSERT INTO cars (brand, salesPrice, purchasePrice, model, color, carriagePlate, transmissionType, chasisNumber, engineNumber, idProvider, sold) VALUES ('Fiat', 70213000, 63191700,'Seicento', 'Negro', 'LIJ000', 'Manual','430146','436815',16, 0);
INSERT INTO cars (brand, salesPrice, purchasePrice, model, color, carriagePlate, transmissionType, chasisNumber, engineNumber, idProvider, sold) VALUES ('Fiat', 48205000, 43384500,'Punto', 'Gris', 'LKA000', 'Automatica','571471','372151',5, 0);
INSERT INTO cars (brand, salesPrice, purchasePrice, model, color, carriagePlate, transmissionType, chasisNumber, engineNumber, idProvider, sold) VALUES ('Fiat', 99826000, 89843400,'Grande Punto', 'Beige', 'LLA000', 'Manual','550810','579142',15, 0);
INSERT INTO cars (brand, salesPrice, purchasePrice, model, color, carriagePlate, transmissionType, chasisNumber, engineNumber, idProvider, sold) VALUES ('Fiat', 84932000, 76438800,'Panda', 'Rojo', 'LMA000', 'Automatica','460145','336139',4, 0);
INSERT INTO cars (brand, salesPrice, purchasePrice, model, color, carriagePlate, transmissionType, chasisNumber, engineNumber, idProvider, sold) VALUES ('Fiat', 94663000, 85196700,'Tipo', 'Azul', 'LMA001', 'Automatica','538126','553949',4, 0);
INSERT INTO cars (brand, salesPrice, purchasePrice, model, color, carriagePlate, transmissionType, chasisNumber, engineNumber, idProvider, sold) VALUES ('Ford', 83208000, 74887200,'Maverick', 'Naranja', 'LMJ000', 'Manual','530868','475448',9, 0);
INSERT INTO cars (brand, salesPrice, purchasePrice, model, color, carriagePlate, transmissionType, chasisNumber, engineNumber, idProvider, sold) VALUES ('Ford', 29601000, 26640900,'Escort', 'Verde', 'LNA000', 'Manual','419973','421106',20, 0);
INSERT INTO cars (brand, salesPrice, purchasePrice, model, color, carriagePlate, transmissionType, chasisNumber, engineNumber, idProvider, sold) VALUES ('Ford', 30670000, 27603000,'Explorer', 'Blanco', 'LNA252', 'Automatica','535932','630458',14, 0);
INSERT INTO cars (brand, salesPrice, purchasePrice, model, color, carriagePlate, transmissionType, chasisNumber, engineNumber, idProvider, sold) VALUES ('Ford', 49795000, 44815500,'Galaxy', 'Negro', 'LNJ001', 'Manual','384184','416330',10, 0);
INSERT INTO cars (brand, salesPrice, purchasePrice, model, color, carriagePlate, transmissionType, chasisNumber, engineNumber, idProvider, sold) VALUES ('Honda', 26701000, 24030900,'Crx', 'Gris', 'LVK000', 'Automatica','377877','486609',1, 0);
INSERT INTO cars (brand, salesPrice, purchasePrice, model, color, carriagePlate, transmissionType, chasisNumber, engineNumber, idProvider, sold) VALUES ('Honda', 79422000, 71479800,'Prelude', 'Beige', 'LVO000', 'Automatica','384774','392914',16, 0);
INSERT INTO cars (brand, salesPrice, purchasePrice, model, color, carriagePlate, transmissionType, chasisNumber, engineNumber, idProvider, sold) VALUES ('Honda', 61344000, 55209600,'Nsx', 'Rojo', 'LWA000', 'Manual','397559','390933',8, 0);
INSERT INTO cars (brand, salesPrice, purchasePrice, model, color, carriagePlate, transmissionType, chasisNumber, engineNumber, idProvider, sold) VALUES ('Honda', 76662000, 68995800,'Legend', 'Azul', 'LXA000', 'Manual','608517','482946',19, 0);
INSERT INTO cars (brand, salesPrice, purchasePrice, model, color, carriagePlate, transmissionType, chasisNumber, engineNumber, idProvider, sold) VALUES ('Honda', 99903000, 89912700,'Crv', 'Naranja', 'LYA000', 'Automatica','625198','564960',3, 0);
INSERT INTO cars (brand, salesPrice, purchasePrice, model, color, carriagePlate, transmissionType, chasisNumber, engineNumber, idProvider, sold) VALUES ('Honda', 54663000, 49196700,'Frv', 'Verde', 'LYH301', 'Manual','373453','419588',3, 0);
INSERT INTO cars (brand, salesPrice, purchasePrice, model, color, carriagePlate, transmissionType, chasisNumber, engineNumber, idProvider, sold) VALUES ('Honda', 95121000, 85608900,'Concerto', 'Blanco', 'LYJ000', 'Automatica','514715','536120',1, 0);
INSERT INTO cars (brand, salesPrice, purchasePrice, model, color, carriagePlate, transmissionType, chasisNumber, engineNumber, idProvider, sold) VALUES ('Honda', 33026000, 29723400,'Insight', 'Negro', 'LZE000', 'Automatica','630615','503388',3, 0);
INSERT INTO cars (brand, salesPrice, purchasePrice, model, color, carriagePlate, transmissionType, chasisNumber, engineNumber, idProvider, sold) VALUES ('Hyundai', 87149000, 78434100,'Lantra', 'Gris', 'MDK000', 'Manual','575468','430138',12, 0);
INSERT INTO cars (brand, salesPrice, purchasePrice, model, color, carriagePlate, transmissionType, chasisNumber, engineNumber, idProvider, sold) VALUES ('Hyundai', 59022000, 53119800,'Sonata', 'Beige', 'MEL000', 'Manual','470661','368223',14, 0);
INSERT INTO cars (brand, salesPrice, purchasePrice, model, color, carriagePlate, transmissionType, chasisNumber, engineNumber, idProvider, sold) VALUES ('Hyundai', 78006000, 70205400,'Elantra', 'Rojo', 'MLA000', 'Automatica','534989','620470',16, 0);
INSERT INTO cars (brand, salesPrice, purchasePrice, model, color, carriagePlate, transmissionType, chasisNumber, engineNumber, idProvider, sold) VALUES ('Hyundai', 50824000, 45741600,'Coupe', 'Azul', 'PBK000', 'Manual','476998','386939',9, 0);
INSERT INTO cars (brand, salesPrice, purchasePrice, model, color, carriagePlate, transmissionType, chasisNumber, engineNumber, idProvider, sold) VALUES ('Hyundai', 59213000, 53291700,'Atos', 'Naranja', 'PJH000', 'Automatica','553971','330642',12, 0);
INSERT INTO cars (brand, salesPrice, purchasePrice, model, color, carriagePlate, transmissionType, chasisNumber, engineNumber, idProvider, sold) VALUES ('Hyundai', 86938000, 78244200,'H1', 'Verde', 'QAA000', 'Automatica','568919','352332',16, 0);
INSERT INTO cars (brand, salesPrice, purchasePrice, model, color, carriagePlate, transmissionType, chasisNumber, engineNumber, idProvider, sold) VALUES ('Hyundai', 67453000, 60707700,'Atos Prime', 'Blanco', 'QAJ001', 'Manual','337386','361287',18, 0);
INSERT INTO cars (brand, salesPrice, purchasePrice, model, color, carriagePlate, transmissionType, chasisNumber, engineNumber, idProvider, sold) VALUES ('Hyundai', 96258000, 86632200,'Xg', 'Negro', 'RBK000', 'Manual','383157','600880',7, 0);
INSERT INTO cars (brand, salesPrice, purchasePrice, model, color, carriagePlate, transmissionType, chasisNumber, engineNumber, idProvider, sold) VALUES ('Hyundai', 82536000, 74282400,'Trajet', 'Gris', 'RIA000', 'Automatica','404602','629757',8, 0);
INSERT INTO cars (brand, salesPrice, purchasePrice, model, color, carriagePlate, transmissionType, chasisNumber, engineNumber, idProvider, sold) VALUES ('Jeep', 61975000, 55777500,'Commander', 'Beige', 'RIB500', 'Manual','527640','564443',11, 0);
INSERT INTO cars (brand, salesPrice, purchasePrice, model, color, carriagePlate, transmissionType, chasisNumber, engineNumber, idProvider, sold) VALUES ('Jeep', 65836000, 59252400,'Compass', 'Rojo', 'SAW000', 'Automatica','381869','439442',16, 0);
INSERT INTO cars (brand, salesPrice, purchasePrice, model, color, carriagePlate, transmissionType, chasisNumber, engineNumber, idProvider, sold) VALUES ('Jeep', 99860000, 89874000,'Wrangler Unlimited', 'Azul', 'SKR000', 'Automatica','579228','451461',18, 0);
INSERT INTO cars (brand, salesPrice, purchasePrice, model, color, carriagePlate, transmissionType, chasisNumber, engineNumber, idProvider, sold) VALUES ('Kia', 70012000, 63010800,'Sephia', 'Naranja', 'SLP000', 'Manual','521969','528372',8, 0);
INSERT INTO cars (brand, salesPrice, purchasePrice, model, color, carriagePlate, transmissionType, chasisNumber, engineNumber, idProvider, sold) VALUES ('Kia', 64573000, 58115700,'Sephia Ii', 'Rojo', 'SNK000', 'Manual','629543','492714',3, 0);
INSERT INTO cars (brand, salesPrice, purchasePrice, model, color, carriagePlate, transmissionType, chasisNumber, engineNumber, idProvider, sold) VALUES ('Lamborghini', 49534000, 44580600,'Gallardo', 'Azul', 'SPA000', 'Automatica','511662','488305',11, 0);
INSERT INTO cars (brand, salesPrice, purchasePrice, model, color, carriagePlate, transmissionType, chasisNumber, engineNumber, idProvider, sold) VALUES ('Lamborghini', 95169000, 85652100,'Murcielago', 'Naranja', 'TAA000', 'Manual','347752','326857',20, 0);
INSERT INTO cars (brand, salesPrice, purchasePrice, model, color, carriagePlate, transmissionType, chasisNumber, engineNumber, idProvider, sold) VALUES ('Lamborghini', 94062000, 84655800,'Aventador', 'Verde', 'TBA000', 'Automatica','525687','374260',19, 0);
INSERT INTO cars (brand, salesPrice, purchasePrice, model, color, carriagePlate, transmissionType, chasisNumber, engineNumber, idProvider, sold) VALUES ('Mazda', 91659000, 82493100,'323', 'Blanco', 'TCA000', 'Automatica','486074','588617',8, 0);
INSERT INTO cars (brand, salesPrice, purchasePrice, model, color, carriagePlate, transmissionType, chasisNumber, engineNumber, idProvider, sold) VALUES ('Mazda', 29845000, 26860500,'Mx3', 'Negro', 'TCB201', 'Manual','528927','448229',2, 0);
INSERT INTO cars (brand, salesPrice, purchasePrice, model, color, carriagePlate, transmissionType, chasisNumber, engineNumber, idProvider, sold) VALUES ('Mazda', 39813000, 35831700,'Rx7', 'Gris', 'THI000', 'Manual','336060','432852',13, 0);
INSERT INTO cars (brand, salesPrice, purchasePrice, model, color, carriagePlate, transmissionType, chasisNumber, engineNumber, idProvider, sold) VALUES ('Mazda', 49968000, 44971200,'Premacy', 'Beige', 'THI261', 'Automatica','327486','379561',10, 0);
INSERT INTO cars (brand, salesPrice, purchasePrice, model, color, carriagePlate, transmissionType, chasisNumber, engineNumber, idProvider, sold) VALUES ('Mazda', 89738000, 80764200,'Tribute', 'Rojo', 'TIA000', 'Manual','536202','343799',1, 0);
INSERT INTO cars (brand, salesPrice, purchasePrice, model, color, carriagePlate, transmissionType, chasisNumber, engineNumber, idProvider, sold) VALUES ('Mazda', 35140000, 31626000,'Mazda6', 'Azul', 'TIJ001', 'Automatica','563724','379948',13, 0);
INSERT INTO cars (brand, salesPrice, purchasePrice, model, color, carriagePlate, transmissionType, chasisNumber, engineNumber, idProvider, sold) VALUES ('Mazda', 56625000, 50962500,'Mazda2', 'Naranja', 'TIK000', 'Automatica','611810','625675',11, 0);
INSERT INTO cars (brand, salesPrice, purchasePrice, model, color, carriagePlate, transmissionType, chasisNumber, engineNumber, idProvider, sold) VALUES ('Mazda', 76237000, 68613300,'Rx8', 'Verde', 'TKA000', 'Manual','352720','381211',4, 0);
INSERT INTO cars (brand, salesPrice, purchasePrice, model, color, carriagePlate, transmissionType, chasisNumber, engineNumber, idProvider, sold) VALUES ('Mazda', 55706000, 50135400,'Mazda5', 'Blanco', 'TKC201', 'Manual','610015','491067',19, 0);
INSERT INTO cars (brand, salesPrice, purchasePrice, model, color, carriagePlate, transmissionType, chasisNumber, engineNumber, idProvider, sold) VALUES ('Mazda', 91109000, 81998100,'Cx7', 'Negro', 'TKJ001', 'Automatica','482377','357453',7, 0);
INSERT INTO cars (brand, salesPrice, purchasePrice, model, color, carriagePlate, transmissionType, chasisNumber, engineNumber, idProvider, sold) VALUES ('Renault', 51399000, 46259100,'Vel Satis', 'Gris', 'TMA000', 'Manual','433763','432126',13, 0);
INSERT INTO cars (brand, salesPrice, purchasePrice, model, color, carriagePlate, transmissionType, chasisNumber, engineNumber, idProvider, sold) VALUES ('Renault', 73827000, 66444300,'Grand Scenic', 'Beige', 'TMD401', 'Automatica','517192','538061',17, 0);
INSERT INTO cars (brand, salesPrice, purchasePrice, model, color, carriagePlate, transmissionType, chasisNumber, engineNumber, idProvider, sold) VALUES ('Renault', 25177000, 22659300,'Mascott', 'Rojo', 'TMJ001', 'Automatica','359839','606575',10, 0);
INSERT INTO cars (brand, salesPrice, purchasePrice, model, color, carriagePlate, transmissionType, chasisNumber, engineNumber, idProvider, sold) VALUES ('Renault', 99488000, 89539200,'Master Propulsion', 'Azul', 'TMK000', 'Manual','486002','589714',14, 0);
INSERT INTO cars (brand, salesPrice, purchasePrice, model, color, carriagePlate, transmissionType, chasisNumber, engineNumber, idProvider, sold) VALUES ('Renault', 33073000, 29765700,'Maxity', 'Naranja', 'TNA000', 'Manual','623399','441745',19, 0);
INSERT INTO cars (brand, salesPrice, purchasePrice, model, color, carriagePlate, transmissionType, chasisNumber, engineNumber, idProvider, sold) VALUES ('Toyota', 71713000, 64541700,'4runner', 'Verde', 'TNB001', 'Automatica','526932','584880',11, 0);
INSERT INTO cars (brand, salesPrice, purchasePrice, model, color, carriagePlate, transmissionType, chasisNumber, engineNumber, idProvider, sold) VALUES ('Toyota', 68087000, 61278300,'Camry', 'Blanco', 'TNE401', 'Manual','538907','520518',8, 0);
INSERT INTO cars (brand, salesPrice, purchasePrice, model, color, carriagePlate, transmissionType, chasisNumber, engineNumber, idProvider, sold) VALUES ('Toyota', 61734000, 55560600,'Supra', 'Negro', 'TNJ001', 'Automatica','448629','445005',13, 0);
INSERT INTO cars (brand, salesPrice, purchasePrice, model, color, carriagePlate, transmissionType, chasisNumber, engineNumber, idProvider, sold) VALUES ('Toyota', 98757000, 88881300,'Paseo', 'Gris', 'TOA000', 'Automatica','476183','410401',13, 0);
INSERT INTO cars (brand, salesPrice, purchasePrice, model, color, carriagePlate, transmissionType, chasisNumber, engineNumber, idProvider, sold) VALUES ('Toyota', 86737000, 78063300,'Land Cruiser 80', 'Beige', 'TOA851', 'Automatica','567723','417828',20, 0);

